"family","statistic_diet","p.adj_diet","conf.low_diet","conf.high_diet","R2_marginal_diet","R2_conditional_diet","effect_size_diet","statistic_treatment_FOSGOS","p.adj_treatment_FOSGOS","conf.low_treatment_FOSGOS","conf.high_treatment_FOSGOS","R2_marginal_treatment_FOSGOS","R2_conditional_treatment_FOSGOS","effect_size_treatment_FOSGOS","statistic_treatment_1472","p.adj_treatment_1472","conf.low_treatment_1472","conf.high_treatment_1472","R2_marginal_treatment_1472","R2_conditional_treatment_1472","effect_size_treatment_1472","restoration_FOSGOS","restoration_1472"
"Acholeplasmataceae",0.240648795858161,1,-0.000132882516997749,0.000164982757090835,0.00454431067381916,NA,0.240648795858161,-1.22474487139159,0.472916886411899,-0.000161757066914084,4.26163691963732e-05,0.0909090909090909,NA,-1.22474487139159,-1.22474487139159,0.472916886411899,-0.000161757066914084,4.26163691963733e-05,0.0909090909090909,NA,-1.22474487139159,"not restored","not restored"
"Akkermansiaceae",0.868086154539147,0.402374340820821,-0.0338149793269389,0.0786058818494091,0.0547911106719938,NA,0.868086154539147,1.26764913778477,0.24055762594722,-0.0409419915765469,0.165511217740054,0.215019048423976,NA,1.26764913778477,2.33780320307942,0.0934339727593814,0.0116389079073755,0.218092117223977,0.215019048423976,NA,2.33780320307942,"not restored","not restored"
"Anaerovoracaceae",4.31485184154245,0.00434804142901545,0.000602010887363112,0.00194972683470786,0.499069521268121,0.665049921483192,4.31485184154245,-5.3558126253622,0.000132854052535575,-0.00217329219106554,-0.000940038873426337,0.551971874463609,0.628585370204656,-5.3558126253622,-2.92311182480162,0.0100468208730103,-0.0014591212309485,-0.000231709512499512,0.551971874463609,0.628585370204656,-2.92311182480162,"restored","restored"
"Atopobiaceae",0.658533681236849,1,-0.0211806536339183,0.0395301440191758,0.0322820732369805,NA,0.658533681236849,0.400027664855471,1,-0.0263123573221071,0.0386889881214131,0.0230280981999209,NA,0.400027664855471,-0.283252931790533,1,-0.0368825158636051,0.0281188295799101,0.0230280981999209,NA,-0.283252931790533,"not restored","not restored"
"Bacteroidaceae",1.1527110380347,0.278638930429824,-0.0377409686904306,0.116239571376911,0.0877907437844893,0.148880569900398,1.1527110380347,2.82309089822994,0.0387267567271027,0.048845711219,0.350588762665679,0.312099191632453,0.507263065939185,2.82309089822994,-0.349609612191385,0.731451689417018,-0.174663266627186,0.12540853185192,0.312099191632453,0.507263065939185,-0.349609612191385,"not restored","not restored"
"Bifidobacteriaceae",-8.62902811178192,1.71817870508967e-06,-0.247856632921602,-0.147923035701908,0.851360836398509,NA,-8.62902811178192,4.37454454519119,0.00109643457316624,0.0493861858582527,0.140655977679516,0.555989594486459,NA,4.37454454519119,0.0823941128089892,1,-0.0438451832560606,0.0474246085651954,0.555989594486459,NA,0.0823941128089892,"restored","not restored"
"Butyricicoccaceae",0.869448419062521,0.41900697561791,-0.00154369896528432,0.00322573816950733,0.0298349206376684,0.515070077408199,0.869448419062521,-2.84249043293008,0.0216097398607875,-0.00655568980071066,-0.000983428426175014,0.341273895287872,NA,-2.84249043293008,-0.113036295019535,0.911252922800897,-0.00293603338917332,0.00263622798535954,0.341273895287872,NA,-0.113036295019535,"not restored","not restored"
"Caldicoprobacteraceae",NA,NA,NA,NA,NA,NA,NA,1.22474487139159,0.709375329618503,-2.78442078191203e-05,0.000105687027597424,0.0909090909090909,NA,1.22474487139159,0,1,-6.67656177082152e-05,6.67656177082152e-05,0.0909090909090909,NA,0,"not restored","not restored"
"Carnobacteriaceae",-1,0.365433525411888,-0.000130702390102293,4.8468929307095e-05,0.0714285714285714,NA,-1,NA,NA,NA,NA,NA,NA,NA,NA,NA,NA,NA,NA,NA,NA,"not restored","not restored"
"Christensenellaceae",3.39045819180659,0.0197024672958922,0.000468590749532458,0.0024892120475841,0.0691120032218189,0.928842269180319,3.39045819180659,-3.15422749963275,0.0109744400684035,-0.00456309546077217,-0.000914594974716201,0.332422116476447,NA,-3.15422749963275,-1.66328258919792,0.113569043234809,-0.00326849406048129,0.000380006425577148,0.332422116476447,NA,-1.66328258919792,"restored","not restored"
"Clostridiaceae",1.50834768024392,0.314669802182455,-0.00105720880157116,0.00581402112729316,0.148942450738746,NA,1.50834768024392,-1.75714567763755,0.191777779408305,-0.00588614711750934,0.000524490079949153,0.175772006308872,NA,-1.75714567763755,0.0612023106567022,0.951872532385761,-0.0031119439275722,0.00329869326988549,0.175772006308872,NA,0.0612023106567022,"not restored","not restored"
"Deferribacteraceae",1.71131992306536,0.225444634150899,-0.00451355589938772,0.0375584985084935,0.183858779778014,NA,1.71131992306536,-1.97149759263589,0.132945374801399,-0.0330884985160219,0.00121971984516137,0.160422285775005,0.231011068596923,-1.97149759263589,-1.38380678832401,0.186125148960792,-0.0282631813061,0.00597934326519641,0.160422285775005,0.231011068596923,-1.38380678832401,"not restored","not restored"
"Defluviitaleaceae",NA,NA,NA,NA,NA,NA,NA,-1.97504966750265e-16,1,-3.33671271043966e-05,3.33671271043966e-05,0.0909090909090909,NA,-1.97504966750265e-16,1.22474487139159,0.709375329619115,-1.39155639281792e-05,5.28186902806707e-05,0.0909090909090909,NA,1.22474487139159,"not restored","not restored"
"Desulfovibrionaceae",4.06210865408908,0.00183799040417258,0.00985639154765968,0.0326624022443083,0.559332889510377,NA,4.06210865408908,-4.39416762760114,0.000831929580279558,-0.0406912269318645,-0.014261023164805,0.479985772874237,0.509761942223511,-4.39416762760114,-2.17755945992271,0.0444627349845544,-0.0267720727439328,-0.000378710208331464,0.479985772874237,0.509761942223511,-2.17755945992271,"restored","restored"
"Eggerthellaceae",2.07971332446965,0.0659232206238766,-0.000216697100878669,0.00561008314197567,0.203046712786973,0.408805278890926,2.07971332446965,-3.41543179345376,0.00616850760270799,-0.00736848132101269,-0.00175585918793937,0.481513457478777,NA,-3.41543179345376,0.568569400370733,0.576673974231234,-0.00204684328534791,0.00356577884772587,0.481513457478777,NA,0.568569400370733,"not restored","not restored"
"Enterobacteriaceae",-1.30981191900088,0.246704900244402,-0.00505798258484616,0.0013104430544306,0.10830988786914,0.189211077527586,-1.30981191900088,-0.0596120878876114,1,-0.00172758508530004,0.00163335426862695,0.129970591766952,0.225512492027456,-0.0596120878876114,1.54381654374747,0.429696370116449,-0.000460773673678166,0.00289052583729294,0.129970591766952,0.225512492027456,1.54381654374747,"not restored","not restored"
"Enterococcaceae",0.856793002235943,0.823407160896861,-0.00106965638165727,0.0024050193802187,0.0510606510780973,0.102475712319664,0.856793002235943,-1.47508475507442,0.314934403119338,-0.00268790879403966,0.000470411170540887,0.104915984244296,NA,-1.47508475507442,-0.382159304865151,0.706817745703864,-0.00186641037499522,0.00129190958958533,0.104915984244296,NA,-0.382159304865151,"not restored","not restored"
"Erysipelatoclostridiaceae",3.25941188265531,0.0221570288896682,0.00352704270208622,0.020294840990683,0.366179665759396,0.5687808894467,3.25941188265531,-2.67880481659828,0.0335203363232819,-0.0193836381579596,-0.00223613352382586,0.264521217587044,0.276602712779821,-2.67880481659828,-1.62133996902603,0.126207580822437,-0.0151434821158099,0.00207214580216483,0.264521217587044,0.276602712779821,-1.62133996902603,"restored","not restored"
"Erysipelotrichaceae",-1.2556508044618,0.233141732561323,-0.109801811907885,0.0295140300933408,0.108163259423054,NA,-1.2556508044618,-0.609135674546246,1,-0.0589296915361691,0.0324386118747797,0.042782063990617,NA,-0.609135674546246,0.321633321994489,1,-0.0386902960582444,0.0526780073527114,0.042782063990617,NA,0.321633321994489,"not restored","not restored"
"Lachnospiraceae",3.02866190190831,0.0189160547739401,0.0420495605506181,0.257659896555801,0.413695872720771,NA,3.02866190190831,-2.431986266076,0.0513610407900284,-0.263181186665694,-0.0192216276900124,0.231306329764028,NA,-2.431986266076,-0.937233246974089,0.361044655221412,-0.17639565147382,0.0675639075017318,0.231306329764028,NA,-0.937233246974089,"not restored","not restored"
"Lactobacillaceae",-1.5637111522473,0.150194731480244,-0.162136719540178,0.028846967118836,0.152366372453374,0.195602969767481,-1.5637111522473,-0.684174724179593,0.544302181355249,-0.0696194057063537,0.0356998998716122,0.0569476880539695,0.14593032810773,-0.684174724179593,-1.13924790206177,0.544302181355249,-0.0806656770590314,0.0244134202597289,0.0569476880539695,0.14593032810773,-1.13924790206177,"not restored","not restored"
"Marinifilaceae",-1.5746822385592,0.141312523659296,-0.0167004029569078,0.00268795459343169,0.160186328041043,NA,-1.5746822385592,-2.6420408174756,0.0331301436616059,-0.0179739608791295,-0.00205062700777213,0.274658594989576,NA,-2.6420408174756,-0.654212965003326,0.52124637945272,-0.0104408763649599,0.00548245750639868,0.274658594989576,NA,-0.654212965003326,"not restored","not restored"
"Mitochondria",0.65052887047806,0.562368027857293,-9.46594836198475e-05,0.000175244935804732,0.0315266252155398,NA,0.65052887047806,-1.7326298368257,0.263886933108115,-0.000196666746590831,2.06186347656561e-05,0.223240876031698,NA,-1.7326298368257,0.509291283562406,0.61815745764864,-8.22769121546921e-05,0.000133779076507161,0.223240876031698,NA,0.509291283562406,"not restored","not restored"
"Monoglobaceae",0.0576152431421928,0.955003386262208,-6.44409327985997e-05,6.7941577938953e-05,0.000255282217605098,NA,0.0576152431421928,-1.22474487139159,0.472916886412786,-6.0658900092864e-05,1.59811384487223e-05,0.0909090909090909,NA,-1.22474487139159,-1.22474487139159,0.472916886412786,-6.06589000928599e-05,1.59811384487183e-05,0.0909090909090909,NA,-1.22474487139159,"not restored","not restored"
"Moraxellaceae",NA,NA,NA,NA,NA,NA,NA,-0.0876981354222305,1,-0.000308909108427693,0.000284426859293009,0.10581729534762,NA,-0.0876981354222305,1.27870725731639,0.660920317580069,-0.000118419933123017,0.000474068987429766,0.10581729534762,NA,1.27870725731639,"not restored","not restored"
"Muribaculaceae",-3.93409839731912,0.00198393401942121,-0.187256303531975,-0.0537695174746575,0.543493325739109,NA,-3.93409839731912,4.06387319232681,0.00269991200859514,0.0715083788226778,0.227429733058638,0.486331067247247,0.529969189268068,4.06387319232681,0.349626210760137,0.731262495320884,-0.0649790885353875,0.0905991879276014,0.486331067247247,0.529969189268068,0.349626210760137,"restored","not restored"
"Oscillospiraceae",5.85861439788896,0.000976031069866034,0.0433011485482539,0.100653381871466,0.320460094062264,0.888688992817276,5.85861439788896,-3.63498723128331,0.00452582617300626,-0.188641092860093,-0.0495851103041029,0.454892569347247,0.513911057059302,-3.63498723128331,0.132456791142476,0.896317706758557,-0.0649931708825533,0.073636484295694,0.454892569347247,0.513911057059302,0.132456791142476,"restored","not restored"
"Peptococcaceae",3.19460277645472,0.0258505705659035,0.000605544087416336,0.0037734225965462,0.335230144660607,0.591847806718132,3.19460277645472,-4.38739097091366,0.000941869670219759,-0.00518685020492452,-0.00180523226371926,0.553686903069728,0.574368141207328,-4.38739097091366,0.00865003155990059,0.993210503513211,-0.00168478516604804,0.00169853526922478,0.553686903069728,0.574368141207328,0.00865003155990059,"restored","not restored"
"Peptostreptococcaceae",2.81175978051355,0.0313961696800975,0.010518948302111,0.0829383492800204,0.378168740388002,NA,2.81175978051355,-2.30686074435537,0.0706053887415625,-0.0850630185710085,-0.0034670153067391,0.37648230274013,0.536210123788294,-2.30686074435537,1.62350228963125,0.12452985326108,-0.00956902773929959,0.0715885594896037,0.37648230274013,0.536210123788294,1.62350228963125,"not restored","not restored"
"Planococcaceae",-1,0.365433525410257,-0.0001120306200874,4.15447965486593e-05,0.0714285714285714,NA,-1,NA,NA,NA,NA,NA,NA,NA,NA,NA,NA,NA,NA,NA,NA,"not restored","not restored"
"Rikenellaceae",-1.0900694092118,0.297088217065803,-0.0627564064830793,0.0209018311634544,0.0837489617542968,NA,-1.0900694092118,-6.39239839930467,3.67286664743991e-05,-0.0808386491746295,-0.0401643752094905,0.651018469790438,0.739803108222451,-6.39239839930467,-0.897565385148518,0.384652302590904,-0.0286697898049683,0.0117577002427994,0.651018469790438,0.739803108222451,-0.897565385148518,"not restored","not restored"
"Ruminococcaceae",2.47006141218965,0.0294901698222439,0.00264759976025897,0.0422606634573715,0.319414607478624,NA,2.47006141218965,-3.93509851373254,0.00194093915836703,-0.0585166978080551,-0.0177815747090521,0.460748950847203,NA,-3.93509851373254,-0.870914709981212,0.39526801227163,-0.028810715850403,0.0119244072486203,0.460748950847203,NA,-0.870914709981212,"restored","not restored"
"Saccharimonadaceae",-2.60787871645608,0.0228909848159115,-0.000882713763741944,-7.91240380048297e-05,0.34346854274633,NA,-2.60787871645608,0.677978143888943,1,-0.000301760954590173,0.000589315976844247,0.0648442864089892,NA,0.677978143888943,-0.494898617494418,1,-0.000550490656469903,0.000340586274964606,0.0648442864089892,NA,-0.494898617494418,"not restored","not restored"
"Staphylococcaceae",1.11035558748706,0.577200038074416,-0.011677420212276,0.0359480943547221,0.086622574285254,NA,1.11035558748706,-1.4451457904747,0.331203851338802,-0.0320766094432086,0.00593194480479462,0.108762858560964,NA,-1.4451457904747,-1.23657930269849,0.331203851338802,-0.0301899828780466,0.00781857136998265,0.108762858560964,NA,-1.23657930269849,"not restored","not restored"
"Streptococcaceae",-0.0361829749817593,0.971901344373288,-0.000277836169511121,0.000269045972543747,0.000102721360468156,NA,-0.0361829749817593,-1.52234720761164,0.290593114037192,-0.000471105238735122,7.52275406570607e-05,0.177364031156505,NA,-1.52234720761164,0.461901208867926,0.649685885045701,-0.000213109003840934,0.000333223775551249,0.177364031156505,NA,0.461901208867926,"not restored","not restored"
"Sutterellaceae",1.33114175313828,0.427819467420377,-0.00239722679834375,0.00941152008762439,0.108626292047711,0.215558038145666,1.33114175313828,2.78900092647947,0.0363566630046954,0.00323211848307709,0.0229694744566211,0.321985741584985,NA,2.78900092647947,0.258923992352771,0.798631701076298,-0.00865243223627091,0.0110849237372732,0.321985741584985,NA,0.258923992352771,"not restored","not restored"
"Tannerellaceae",0.984516958785363,0.35754395048887,-0.00270214331653351,0.00656224971422179,0.0514970266953719,0.333759148810964,0.984516958785363,0.336987137255794,1,-0.0139134617719242,0.0191568925004029,0.0180841084443833,0.16246684414989,0.336987137255794,-0.311787377097285,1,-0.0188802241478213,0.0140521966390081,0.0180841084443833,0.16246684414989,-0.311787377097285,"not restored","not restored"
"UCG-010",0.164719507434426,0.871906909719422,-0.000823015988301124,0.000957634167813395,0.00208276964219456,NA,0.164719507434426,-0.0647939486635129,0.949147321033825,-0.000995745445680835,0.000936720409068689,0.0417850518356885,0.253122361071361,-0.0647939486635129,-0.933434345398934,0.729046956345026,-0.00138430140191492,0.000538102932942304,0.0417850518356885,0.253122361071361,-0.933434345398934,"not restored","not restored"
"Xanthomonadaceae",NA,NA,NA,NA,NA,NA,NA,-0.087698135417581,1,-2.13040764428917e-05,1.96156454681731e-05,0.105817295346779,NA,-0.087698135417581,1.2787072573135,0.660920317567382,-8.16689193907176e-06,3.26944129257257e-05,0.105817295346779,NA,1.2787072573135,"not restored","not restored"
"[Clostridium] methylpentosum group",-1,0.365433525410842,-0.000261404780204167,9.6937858613772e-05,0.0714285714285714,NA,-1,NA,NA,NA,NA,NA,NA,NA,NA,NA,NA,NA,NA,NA,NA,"not restored","not restored"
"[Eubacterium] coprostanoligenes group",-0.560247661752186,0.585618053111249,-0.000948756766776549,0.000560639190093918,0.0235752089392736,NA,-0.560247661752186,2.59752013460935,0.057351056525814,0.00129080356223495,0.0126069553894889,0.263229488748513,0.335886203535391,2.59752013460935,0.431004176248116,1,-0.00449203794884554,0.0067885412315817,0.263229488748513,0.335886203535391,0.431004176248116,"not restored","not restored"
