"order","statistic_diet","p.adj_diet","conf.low_diet","conf.high_diet","R2_marginal_diet","R2_conditional_diet","effect_size_diet","statistic_treatment_FOSGOS","p.adj_treatment_FOSGOS","conf.low_treatment_FOSGOS","conf.high_treatment_FOSGOS","R2_marginal_treatment_FOSGOS","R2_conditional_treatment_FOSGOS","effect_size_treatment_FOSGOS","statistic_treatment_1472","p.adj_treatment_1472","conf.low_treatment_1472","conf.high_treatment_1472","R2_marginal_treatment_1472","R2_conditional_treatment_1472","effect_size_treatment_1472","restoration_FOSGOS","restoration_1472"
"Acholeplasmatales",0.240648795858161,1,-0.000132882516997749,0.000164982757090835,0.00454431067381916,NA,0.240648795858161,-1.22474487139159,0.472916886411899,-0.000161757066914084,4.26163691963732e-05,0.0909090909090909,NA,-1.22474487139159,-1.22474487139159,0.472916886411899,-0.000161757066914084,4.26163691963733e-05,0.0909090909090909,NA,-1.22474487139159,"not restored","not restored"
"Bacillales",-1,0.365433525410257,-0.0001120306200874,4.15447965486593e-05,0.0714285714285714,NA,-1,NA,NA,NA,NA,NA,NA,NA,NA,NA,NA,NA,NA,NA,NA,"not restored","not restored"
"Bacteroidales",-2.1981980696013,0.0601561002438362,-0.222404315237704,0.00590699874847783,0.265392377133253,0.289222092982668,-2.1981980696013,4.87197902439933,0.000451368438594259,0.157325070268979,0.40349229686938,0.573952651786713,0.68719792218011,4.87197902439933,-0.486916988457964,0.63351544252421,-0.150271164915503,0.0944728214592948,0.573952651786713,0.68719792218011,-0.486916988457964,"not restored","not restored"
"Bifidobacteriales",-8.62902811178192,1.71817870508967e-06,-0.247856632921602,-0.147923035701908,0.851360836398509,NA,-8.62902811178192,4.37454454519119,0.00109643457316624,0.0493861858582527,0.140655977679516,0.555989594486459,NA,4.37454454519119,0.0823941128089892,1,-0.0438451832560606,0.0474246085651954,0.555989594486459,NA,0.0823941128089892,"restored","not restored"
"Burkholderiales",1.33114175313828,0.427819467420377,-0.00239722679834375,0.00941152008762439,0.108626292047711,0.215558038145666,1.33114175313828,2.78900092647947,0.0363566630046954,0.00323211848307709,0.0229694744566211,0.321985741584985,NA,2.78900092647947,0.258923992352771,0.798631701076298,-0.00865243223627091,0.0110849237372732,0.321985741584985,NA,0.258923992352771,"not restored","not restored"
"Caldicoprobacterales",NA,NA,NA,NA,NA,NA,NA,1.22474487139159,0.709375329618503,-2.78442078191203e-05,0.000105687027597424,0.0909090909090909,NA,1.22474487139159,0,1,-6.67656177082152e-05,6.67656177082152e-05,0.0909090909090909,NA,0,"not restored","not restored"
"Christensenellales",3.39045819180659,0.0197024672958922,0.000468590749532458,0.0024892120475841,0.0691120032218189,0.928842269180319,3.39045819180659,-3.15422749963275,0.0109744400684035,-0.00456309546077217,-0.000914594974716201,0.332422116476447,NA,-3.15422749963275,-1.66328258919792,0.113569043234809,-0.00326849406048129,0.000380006425577148,0.332422116476447,NA,-1.66328258919792,"restored","not restored"
"Clostridiales",1.50834768024392,0.314669802182455,-0.00105720880157116,0.00581402112729316,0.148942450738746,NA,1.50834768024392,-1.75714567763755,0.191777779408305,-0.00588614711750934,0.000524490079949153,0.175772006308872,NA,-1.75714567763755,0.0612023106567022,0.951872532385761,-0.0031119439275722,0.00329869326988549,0.175772006308872,NA,0.0612023106567022,"not restored","not restored"
"Coriobacteriales",0.811099837923789,0.707114093437562,-0.0197342495440345,0.0431403979148651,0.0481687352006959,NA,0.811099837923789,0.103764528070289,1,-0.0312984413168024,0.0345507316071563,0.00584426413036247,NA,0.103764528070289,-0.231144231440221,1,-0.0365469618226378,0.0293022111013208,0.00584426413036247,NA,-0.231144231440221,"not restored","not restored"
"Deferribacterales",1.71131992306536,0.225444634150899,-0.00451355589938772,0.0375584985084935,0.183858779778014,NA,1.71131992306536,-1.97149759263589,0.132945374801399,-0.0330884985160219,0.00121971984516137,0.160422285775005,0.231011068596923,-1.97149759263589,-1.38380678832401,0.186125148960792,-0.0282631813061,0.00597934326519641,0.160422285775005,0.231011068596923,-1.38380678832401,"not restored","not restored"
"Desulfovibrionales",4.06210865408908,0.00183799040417258,0.00985639154765968,0.0326624022443083,0.559332889510377,NA,4.06210865408908,-4.39416762760114,0.000831929580279558,-0.0406912269318645,-0.014261023164805,0.479985772874237,0.509761942223511,-4.39416762760114,-2.17755945992271,0.0444627349845544,-0.0267720727439328,-0.000378710208331464,0.479985772874237,0.509761942223511,-2.17755945992271,"restored","restored"
"Enterobacterales",-1.30981191900088,0.246704900244402,-0.00505798258484616,0.0013104430544306,0.10830988786914,0.189211077527586,-1.30981191900088,-0.0596120878754107,1,-0.00172758508527525,0.00163335426862108,0.129970591766353,0.225512492014974,-0.0596120878754107,1.54381654373908,0.429696370119585,-0.000460773673679752,0.00289052583729149,0.129970591766353,0.225512492014974,1.54381654373908,"not restored","not restored"
"Erysipelotrichales",-0.84336728341208,0.419292391344622,-0.102573632133282,0.0464041533923953,0.049909941227253,0.0935548750587146,-0.84336728341208,-1.00291247810167,0.658391438465275,-0.0745335353776344,0.0263669129463257,0.0640159304188172,NA,-1.00291247810167,0.0196375168969704,0.984548580125825,-0.0499786611479995,0.0509217871759607,0.0640159304188172,NA,0.0196375168969704,"not restored","not restored"
"Lachnospirales",3.02866190190831,0.0189160547739401,0.0420495605506181,0.257659896555801,0.413695872720771,NA,3.02866190190831,-2.43205963806351,0.0513532740759072,-0.26317750669878,-0.0192253076569265,0.231324420761937,NA,-2.43205963806351,-0.936926488267611,0.361198183795922,-0.176372519943795,0.0675796790980589,0.231324420761937,NA,-0.936926488267611,"not restored","not restored"
"Lactobacillales",-1.52687837748693,0.15901701282399,-0.162775152230654,0.0308348395065003,0.14675306531581,0.18699091754187,-1.52687837748693,-0.722910539793131,0.55607327224472,-0.071970576459448,0.0354185827465843,0.0566955362783573,0.138697520031412,-0.722910539793131,-1.12478574246326,0.55607327224472,-0.0819162495332471,0.0252648523499087,0.0566955362783573,0.138697520031412,-1.12478574246326,"not restored","not restored"
"Monoglobales",0.0576152431421928,0.955003386262208,-6.44409327985997e-05,6.7941577938953e-05,0.000255282217605098,NA,0.0576152431421928,-1.22474487139159,0.472916886412786,-6.0658900092864e-05,1.59811384487223e-05,0.0909090909090909,NA,-1.22474487139159,-1.22474487139159,0.472916886412786,-6.06589000928599e-05,1.59811384487183e-05,0.0909090909090909,NA,-1.22474487139159,"not restored","not restored"
"Oscillospirales",4.65648396785365,0.00421480475498874,0.0446648482096944,0.135470199308032,0.277059777763956,0.84703923437239,4.65648396785365,-3.69049457001194,0.00408429826616856,-0.244345122517289,-0.0658584524612105,0.445756468277826,0.514680049853635,-3.69049457001194,-0.0550785916755471,0.956780038815394,-0.0912296375618211,0.0866211683163252,0.445756468277826,0.514680049853635,-0.0550785916755471,"restored","not restored"
"Peptococcales",3.19460277645472,0.0258505705659035,0.000605544087416336,0.0037734225965462,0.335230144660607,0.591847806718132,3.19460277645472,-4.38739097091366,0.000941869670219759,-0.00518685020492452,-0.00180523226371926,0.553686903069728,0.574368141207328,-4.38739097091366,0.00865003155990059,0.993210503513211,-0.00168478516604804,0.00169853526922478,0.553686903069728,0.574368141207328,0.00865003155990059,"restored","not restored"
"Peptostreptococcales-Tissierellales",2.913499241545,0.0259926415206808,0.0121233561898067,0.0840302911166537,0.395024621913501,NA,2.913499241545,-2.39438659025521,0.0594403133368244,-0.0865727600969965,-0.00514118676919852,0.384616961956175,0.538961464506331,-2.39438659025521,1.58347261432254,0.133377498229556,-0.0103111773789428,0.0706831730482887,0.384616961956175,0.538961464506331,1.58347261432254,"not restored","not restored"
"Pseudomonadales",NA,NA,NA,NA,NA,NA,NA,-0.0876981354222305,1,-0.000308909108427693,0.000284426859293009,0.10581729534762,NA,-0.0876981354222305,1.27870725731639,0.660920317580069,-0.000118419933123017,0.000474068987429766,0.10581729534762,NA,1.27870725731639,"not restored","not restored"
"Rickettsiales",0.65052887047806,0.562368027857293,-9.46594836198475e-05,0.000175244935804732,0.0315266252155398,NA,0.65052887047806,-1.73262983682533,0.263886933120578,-0.000196666746591413,2.06186347662446e-05,0.223240876031604,NA,-1.73262983682533,0.509291283562209,0.61815745764831,-8.22769121541166e-05,0.000133779076506574,0.223240876031604,NA,0.509291283562209,"not restored","not restored"
"Saccharimonadales",-2.60787871645608,0.0228909848159115,-0.000882713763741944,-7.91240380048297e-05,0.34346854274633,NA,-2.60787871645608,0.677978143888943,1,-0.000301760954590173,0.000589315976844247,0.0648442864089892,NA,0.677978143888943,-0.494898617494418,1,-0.000550490656469903,0.000340586274964606,0.0648442864089892,NA,-0.494898617494418,"not restored","not restored"
"Staphylococcales",1.11035558748706,0.577200038074416,-0.011677420212276,0.0359480943547221,0.086622574285254,NA,1.11035558748706,-1.4451457904747,0.331203851338802,-0.0320766094432086,0.00593194480479462,0.108762858560964,NA,-1.4451457904747,-1.23657930269849,0.331203851338802,-0.0301899828780466,0.00781857136998265,0.108762858560964,NA,-1.23657930269849,"not restored","not restored"
"Verrucomicrobiales",0.868086154539147,0.402374340820821,-0.0338149793269389,0.0786058818494091,0.0547911106719938,NA,0.868086154539147,1.26764913778477,0.24055762594722,-0.0409419915765469,0.165511217740054,0.215019048423976,NA,1.26764913778477,2.33780320307942,0.0934339727593814,0.0116389079073755,0.218092117223977,0.215019048423976,NA,2.33780320307942,"not restored","not restored"
"Xanthomonadales",NA,NA,NA,NA,NA,NA,NA,-0.087698135417581,1,-2.13040764428917e-05,1.96156454681731e-05,0.105817295346779,NA,-0.087698135417581,1.2787072573135,0.660920317567382,-8.16689193907176e-06,3.26944129257257e-05,0.105817295346779,NA,1.2787072573135,"not restored","not restored"
